{"lessons_text_color": {"name": [1, 1, 1, 1]}, "complete": {"name": "0"}, "th": {"name": "0"}, "lessons_canvas_color": {"name": [0, 0, 0, 0.7]}, "lessons_font_size": {"name": 20}, "meet_link_canvas_color": {"name": [0, 0, 0, 0.7]}, "current_background": {"name": "tex/defbg.jpg"}, "current_thumb": {"name": "tex/defthum.png"}, "second_req": {"name": "0"}, "time": {"name": "0"}, "last_old": {"name": ""}, "student": {"name": "0"}, "full_stack": {"name": ""}, "dirth": {"name": ""}, "th_many": {"name": ""}}